{"$schema":"http://schema.management.azure.com/schemas/2015-01-01/deploymentTemplate.json#","contentVersion":"1.0.0.0","parameters":{"factoryName":{"type":"string","metadata":"Data Factory name"},"kv":{"type":"string"}},"variables":{"factoryId":"[concat('Microsoft.DataFactory/factories/', parameters('factoryName'))]"},"resources":[{"name":"[concat(parameters('factoryName'), '/notify_sources')]","type":"Microsoft.DataFactory/factories/pipelines","apiVersion":"2018-06-01","properties":{"activities":[{"name":"notify_sources","description":"Loops through sources, executes pipeline notify_manifests for source.","type":"ForEach","dependsOn":[],"userProperties":[],"typeProperties":{"items":{"value":"@pipeline().parameters.sources","type":"Expression"},"isSequential":false,"activities":[{"name":"notify_source","type":"ExecutePipeline","dependsOn":[],"userProperties":[],"typeProperties":{"pipeline":{"referenceName":"notify_manifests","type":"PipelineReference"},"waitOnCompletion":true,"parameters":{"notify_api_base_url":{"value":"@pipeline().parameters.notify_api_base_url","type":"Expression"},"source_system_name":{"value":"@item().source_system_name","type":"Expression"},"source_entity_name":{"value":"@item().source_entity_name","type":"Expression"},"notify_api_key":{"value":"@pipeline().parameters.notify_api_key","type":"Expression"}}}}]}}],"policy":{"elapsedTimeMetric":{},"cancelAfter":{}},"parameters":{"notify_api_base_url":{"type":"string"},"notify_api_key":{"type":"securestring"},"sources":{"type":"array"}},"folder":{"name":"adf-notifier"},"annotations":[]},"dependsOn":["[concat(variables('factoryId'), '/pipelines/notify_manifests')]"]},{"name":"[concat(parameters('factoryName'), '/notify_manifests')]","type":"Microsoft.DataFactory/factories/pipelines","apiVersion":"2018-06-01","properties":{"activities":[{"name":"search_open_manifests","description":"Calls Notify API to search for open manifests for data source.","type":"WebActivity","dependsOn":[],"policy":{"timeout":"0.00:05:00","retry":3,"retryIntervalInSeconds":30,"secureOutput":false,"secureInput":false},"userProperties":[],"typeProperties":{"url":{"value":"@{pipeline().parameters.notify_api_base_url}/tenants/local/installations/local/environments/local/source-systems/@{toLower(pipeline().parameters.source_system_name)}/source-entities/@{toLower(pipeline().parameters.source_entity_name)}/manifests?state=OPEN","type":"Expression"},"method":"GET","headers":{"content-type":"application/json"},"httpRequestTimeout":"00:01:00","authentication":{"type":"Basic","username":{"value":"@pipeline().parameters.notify_api_key","type":"Expression"},"password":{"type":"AzureKeyVaultSecret","store":{"referenceName":"[parameters('kv')]","type":"LinkedServiceReference"},"secretName":"notify-api-key-secret"}}}},{"name":"notify_manifests","description":"Loops through manifests, calls Notify API to notify (close) manifest.","type":"ForEach","dependsOn":[{"activity":"search_open_manifests","dependencyConditions":["Succeeded"]}],"userProperties":[],"typeProperties":{"items":{"value":"@json(activity('search_open_manifests').output.Response)","type":"Expression"},"activities":[{"name":"notify_manifest","type":"WebActivity","dependsOn":[],"policy":{"timeout":"0.00:05:00","retry":3,"retryIntervalInSeconds":30,"secureOutput":false,"secureInput":false},"userProperties":[],"typeProperties":{"url":{"value":"@{pipeline().parameters.notify_api_base_url}/tenants/local/installations/local/environments/local/source-systems/@{toLower(pipeline().parameters.source_system_name)}/source-entities/@{toLower(pipeline().parameters.source_entity_name)}/manifests/@{item().id}/notify","type":"Expression"},"method":"POST","headers":{"content-type":"application/json"},"body":{},"httpRequestTimeout":"00:01:00","authentication":{"type":"Basic","username":{"value":"@pipeline().parameters.notify_api_key","type":"Expression"},"password":{"type":"AzureKeyVaultSecret","store":{"referenceName":"[parameters('kv')]","type":"LinkedServiceReference"},"secretName":"notify-api-key-secret"}}}}]}}],"policy":{"elapsedTimeMetric":{},"cancelAfter":{}},"parameters":{"notify_api_base_url":{"type":"string"},"source_system_name":{"type":"string"},"source_entity_name":{"type":"string"},"notify_api_key":{"type":"securestring"}},"folder":{"name":"adf-notifier"},"annotations":[],"lastPublishTime":"2022-07-26T10:56:16Z"},"dependsOn":[]}]}