{"$schema":"http://schema.management.azure.com/schemas/2015-01-01/deploymentTemplate.json#","contentVersion":"1.0.0.0","parameters":{"factoryName":{"type":"string","metadata":"Data Factory name"},"keyvault":{"type":"string"}},"variables":{"factoryId":"[concat('Microsoft.DataFactory/factories/', parameters('factoryName'))]"},"resources":[{"name":"[concat(parameters('factoryName'), '/add_entries_to_manifest')]","type":"Microsoft.DataFactory/factories/pipelines","apiVersion":"2018-06-01","properties":{"activities":[{"name":"add_manifest_entries","description":"Calls Notify API to add entries to manifest.","type":"WebActivity","dependsOn":[{"activity":"set_new_manifest_id","dependencyConditions":["Succeeded"]}],"policy":{"timeout":"0.00:05:00","retry":3,"retryIntervalInSeconds":30,"secureOutput":false,"secureInput":false},"userProperties":[],"typeProperties":{"url":{"value":"@{pipeline().parameters.notify_api_base_url}/tenants/local/installations/local/environments/local/source-systems/@{toLower(pipeline().parameters.source_system_name)}/source-entities/@{toLower(pipeline().parameters.source_entity_name)}/manifests/@{variables('manifest_id')}/entries","type":"Expression"},"method":"PUT","headers":{"content-type":"application/json"},"body":{"value":"@string(pipeline().parameters.manifest_entries_body)","type":"Expression"},"httpRequestTimeout":"00:01:00","authentication":{"type":"Basic","username":{"value":"@pipeline().parameters.notify_api_key","type":"Expression"},"password":{"type":"AzureKeyVaultSecret","store":{"referenceName":"[parameters('keyvault')]","type":"LinkedServiceReference"},"secretName":"notify-api-key-secret"}}}},{"name":"create_manifest","description":"Calls Notify API to create new manifest.","type":"WebActivity","dependsOn":[],"policy":{"timeout":"0.00:05:00","retry":3,"retryIntervalInSeconds":30,"secureOutput":false,"secureInput":false},"userProperties":[],"typeProperties":{"url":{"value":"@{pipeline().parameters.notify_api_base_url}/tenants/local/installations/local/environments/local/source-systems/@{toLower(pipeline().parameters.source_system_name)}/source-entities/@{toLower(pipeline().parameters.source_entity_name)}/manifests","type":"Expression"},"method":"POST","headers":{"content-type":"application/json"},"body":{"value":"@string(pipeline().parameters.manifest_body)","type":"Expression"},"httpRequestTimeout":"00:01:00","authentication":{"type":"Basic","username":{"value":"@pipeline().parameters.notify_api_key","type":"Expression"},"password":{"type":"AzureKeyVaultSecret","store":{"referenceName":"[parameters('keyvault')]","type":"LinkedServiceReference"},"secretName":"notify-api-key-secret"}}}},{"name":"set_new_manifest_id","type":"SetVariable","dependsOn":[{"activity":"create_manifest","dependencyConditions":["Succeeded"]}],"userProperties":[],"typeProperties":{"variableName":"manifest_id","value":{"value":"@activity('create_manifest').output.id","type":"Expression"}}},{"name":"notify_manifest","description":"Calls Notify API to notify (close) manifest.","type":"WebActivity","dependsOn":[{"activity":"add_manifest_entries","dependencyConditions":["Succeeded"]}],"policy":{"timeout":"0.00:05:00","retry":3,"retryIntervalInSeconds":30,"secureOutput":false,"secureInput":false},"userProperties":[],"typeProperties":{"url":{"value":"@{pipeline().parameters.notify_api_base_url}/tenants/local/installations/local/environments/local/source-systems/@{toLower(pipeline().parameters.source_system_name)}/source-entities/@{toLower(pipeline().parameters.source_entity_name)}/manifests/@{variables('manifest_id')}/notify","type":"Expression"},"method":"POST","headers":{"content-type":"application/json"},"body":{"value":"@concat('{}')","type":"Expression"},"httpRequestTimeout":"00:01:00","authentication":{"type":"Basic","username":{"value":"@pipeline().parameters.notify_api_key","type":"Expression"},"password":{"type":"AzureKeyVaultSecret","store":{"referenceName":"[parameters('keyvault')]","type":"LinkedServiceReference"},"secretName":"notify-api-key-secret"}}}}],"policy":{"elapsedTimeMetric":{},"cancelAfter":{}},"parameters":{"notify_api_base_url":{"type":"string"},"notify_api_key":{"type":"string"},"source_system_name":{"type":"string"},"source_entity_name":{"type":"string"},"manifest_body":{"type":"string"},"manifest_entries_body":{"type":"string"}},"variables":{"manifest_id":{"type":"String"}},"folder":{"name":"adf-notifier"},"annotations":[],"lastPublishTime":"2022-07-26T10:56:16Z"},"dependsOn":[]}]}