{"$schema":"http://schema.management.azure.com/schemas/2015-01-01/deploymentTemplate.json#","contentVersion":"1.0.0.0","parameters":{"factoryName":{"type":"string","metadata":"Data Factory name"},"keyvault":{"type":"string"}},"variables":{"factoryId":"[concat('Microsoft.DataFactory/factories/', parameters('factoryName'))]"},"resources":[{"name":"[concat(parameters('factoryName'), '/add_entry_to_manifest')]","type":"Microsoft.DataFactory/factories/pipelines","apiVersion":"2018-06-01","properties":{"activities":[{"name":"search_open_manifests","description":"Calls Notify API to search for open manifests for data source.","type":"WebActivity","dependsOn":[],"policy":{"timeout":"0.00:05:00","retry":3,"retryIntervalInSeconds":30,"secureOutput":false,"secureInput":false},"userProperties":[],"typeProperties":{"url":{"value":"@{pipeline().parameters.notify_api_base_url}/tenants/local/installations/local/environments/local/source-systems/@{toLower(pipeline().parameters.source_system_name)}/source-entities/@{toLower(pipeline().parameters.source_entity_name)}/manifests?state=OPEN","type":"Expression"},"method":"GET","headers":{"content-type":"application/json"},"httpRequestTimeout":"00:01:00","authentication":{"type":"Basic","username":{"value":"@pipeline().parameters.notify_api_key","type":"Expression"},"password":{"type":"AzureKeyVaultSecret","store":{"referenceName":"[parameters('keyvault')]","type":"LinkedServiceReference"},"secretName":"notify-api-key-secret"}}}},{"name":"set_manifest_id","description":"If open manifests are found, uses first manifest to set variable manifest_id. If open manifests are not found, creates a new manifest and sets variable manifest_id.","type":"IfCondition","dependsOn":[{"activity":"search_open_manifests","dependencyConditions":["Succeeded"]}],"userProperties":[],"typeProperties":{"expression":{"value":"@not(equals(activity('search_open_manifests').output.response,'[]'))","type":"Expression"},"ifFalseActivities":[{"name":"create_manifest","description":"Calls Notify API to create manifest.","type":"WebActivity","dependsOn":[],"policy":{"timeout":"0.00:05:00","retry":3,"retryIntervalInSeconds":30,"secureOutput":false,"secureInput":false},"userProperties":[],"typeProperties":{"url":{"value":"@{pipeline().parameters.notify_api_base_url}/tenants/local/installations/local/environments/local/source-systems/@{toLower(pipeline().parameters.source_system_name)}/source-entities/@{toLower(pipeline().parameters.source_entity_name)}/manifests","type":"Expression"},"method":"POST","headers":{"content-type":"application/json"},"body":{"value":"@string(pipeline().parameters.manifest_body)","type":"Expression"},"httpRequestTimeout":"00:01:00","authentication":{"type":"Basic","username":{"value":"@pipeline().parameters.notify_api_key","type":"Expression"},"password":{"type":"AzureKeyVaultSecret","store":{"referenceName":"[parameters('keyvault')]","type":"LinkedServiceReference"},"secretName":"notify-api-key-secret"}}}},{"name":"set_new_manifest_id","type":"SetVariable","dependsOn":[{"activity":"create_manifest","dependencyConditions":["Succeeded"]}],"userProperties":[],"typeProperties":{"variableName":"manifest_id","value":{"value":"@activity('create_manifest').output.id","type":"Expression"}}}],"ifTrueActivities":[{"name":"set_existing_manifest_id","type":"SetVariable","dependsOn":[],"userProperties":[],"typeProperties":{"variableName":"manifest_id","value":{"value":"@json(activity('search_open_manifests').output.response)[0].id","type":"Expression"}}}]}},{"name":"add_manifest_entries","description":"Calls Notify API to add entry to manifest.","type":"WebActivity","dependsOn":[{"activity":"set_manifest_id","dependencyConditions":["Succeeded"]}],"policy":{"timeout":"0.00:05:00","retry":3,"retryIntervalInSeconds":30,"secureOutput":false,"secureInput":false},"userProperties":[],"typeProperties":{"url":{"value":"@{pipeline().parameters.notify_api_base_url}/tenants/local/installations/local/environments/local/source-systems/@{toLower(pipeline().parameters.source_system_name)}/source-entities/@{toLower(pipeline().parameters.source_entity_name)}/manifests/@{variables('manifest_id')}/entries","type":"Expression"},"method":"POST","headers":{"content-type":"application/json"},"body":{"value":"@string(pipeline().parameters.manifest_entry_body)","type":"Expression"},"httpRequestTimeout":"00:01:00","authentication":{"type":"Basic","username":{"value":"@pipeline().parameters.notify_api_key","type":"Expression"},"password":{"type":"AzureKeyVaultSecret","store":{"referenceName":"[parameters('keyvault')]","type":"LinkedServiceReference"},"secretName":"notify-api-key-secret"}}}},{"name":"notify","description":"If parameter notify_manifest = true, calls Notify API to notify manifest.","type":"IfCondition","dependsOn":[{"activity":"add_manifest_entries","dependencyConditions":["Succeeded"]}],"userProperties":[],"typeProperties":{"expression":{"value":"@pipeline().parameters.notify_manifest","type":"Expression"},"ifTrueActivities":[{"name":"notify_manifest","description":"Calls Notify API to notify (close) manifest.","type":"WebActivity","dependsOn":[],"policy":{"timeout":"0.00:05:00","retry":3,"retryIntervalInSeconds":30,"secureOutput":false,"secureInput":false},"userProperties":[],"typeProperties":{"url":{"value":"@{pipeline().parameters.notify_api_base_url}/tenants/local/installations/local/environments/local/source-systems/@{toLower(pipeline().parameters.source_system_name)}/source-entities/@{toLower(pipeline().parameters.source_entity_name)}/manifests/@{variables('manifest_id')}/notify","type":"Expression"},"method":"POST","headers":{"content-type":"application/json"},"body":{"value":"@concat('{}')","type":"Expression"},"httpRequestTimeout":"00:01:00","authentication":{"type":"Basic","username":{"value":"@pipeline().parameters.notify_api_key","type":"Expression"},"password":{"type":"AzureKeyVaultSecret","store":{"referenceName":"[parameters('keyvault')]","type":"LinkedServiceReference"},"secretName":"notify-api-key-secret"}}}}]}}],"policy":{"elapsedTimeMetric":{},"cancelAfter":{}},"parameters":{"notify_api_base_url":{"type":"string"},"notify_api_key":{"type":"string"},"source_system_name":{"type":"string"},"source_entity_name":{"type":"string"},"manifest_body":{"type":"string"},"manifest_entry_body":{"type":"string"},"notify_manifest":{"type":"bool","defaultValue":false}},"variables":{"manifest_id":{"type":"String"}},"folder":{"name":"adf-notifier"},"annotations":[],"lastPublishTime":"2022-07-26T10:56:16Z"},"dependsOn":[]}]}